ID,Price,Company,Name
244525323,1 228 ₽,not one sport,Стрелы для лука 12 шт
169892528,1 019 ₽,BORIBA,Стрела для лука
231423883,1 269 ₽,Bowmaster,"Стрела для лука Junior 28"", фиберглас (6 шт)"
116131822,785 ₽,Резерв,Стрелы для лука с несъемным наконечником 6 шт
318004465,3 648 ₽,Musen,Стрелы для лука карбон натуральное оперение 6шт
177307206,1 148 ₽,Резерв,Стрелы для лука с несъемным наконечником 12 шт
208515998,1 816 ₽,Резерв,Стрелы лучные крученые для охоты 12 шт
246058816,1 227 ₽,not one sport,Стрелы для лука 12 шт
244525324,781 ₽,not one sport,Стрелы для лука 6 шт
148504947,1 148 ₽,Резерв,Стрелы лучные крученые для охоты 6 шт
246057819,781 ₽,not one sport,Стрелы для лука 6 шт
221611186,1 228 ₽,not one sport,Стрелы для лука 12 шт
246058895,781 ₽,not one sport,Стрелы для лука 6 шт
231423876,2 155 ₽,Bowmaster,"Стрела для лука Junior 28"", фиберглас (12 шт)"
249012455,1 617 ₽,PROFTURIST,Стрелы для лука для спорта и охоты карбоновые
124836876,1 326 ₽,Резерв,Стрелы лучные карбоновые для охоты 6 шт для лука
231423796,2 649 ₽,Bowmaster,"Стрела для лука Berkut 500, фиберглас, 3"" Stream (12 шт)"
240251041,769 ₽,Smoke&Arrow,"Стрела для лука из стекловолокна, 6шт"
173812246,1 655 ₽,PROFTURIST,Стрелы для лука для спорта и охоты карбоновые
250411111,1 197 ₽,Smoke&Arrow,"Стрела для лука Фиберглассовая, комплект 12 штук"
247590667,850 ₽,kambarov.ru,Стрела Лучная Фибергласс 32дюйма
231423640,2 311 ₽,Bowmaster,"Стрела лучная Adrenaline 500, карбон, 4"" TPU Shield (6 шт)"
144812777,589 ₽,RealArm,"Стрела лучная стекловолоконная 31,5 дюйм 31 гр. 6мм"
159756339,564 ₽,Centershot,"Стрела лучная фибергласс Sonic 28"" черная (3шт.)"
154524492,2 032 ₽,Centershot,Стрела лучная карбоновая Anarchy 350
159759526,551 ₽,Centershot,"Стрела лучная фибергласс Sonic 30"" зеленая (3шт.)"
198071608,2 266 ₽,Bowmaster,"Стрела для лука Junior 28"", фиберглас (12 шт)"
161512017,1 196 ₽,Centershot,Стрела лучная фибергласс Spark натуральное перо
169070221,1 093 ₽,RealArm,"Стрела лучная стекловолоконная 31,5 дюйм 31 гр. 6мм"
162532437,2 244 ₽,Резерв,Стрелы лучные карбоновые для охоты 12 шт
202971119,2 083 ₽,Marksman,Стрелы 18шт. для блочных и классических луков
198071614,812 ₽,Bowmaster,"Стрела для лука Junior 28"", фиберглас (3 шт)"
318004464,7 113 ₽,Musen,Стрелы для лука карбон натуральное оперение 12шт
154072501,1 567 ₽,Bowmaster,"Стрелы лучные Blackout 400, 3 шт, оперение 3"" Shield"
223560033,7 050 ₽,Bowmaster,"Стрела для лука Champion 700, карбон, 1.75"" Stream (12 шт)"
198071572,933 ₽,Bowmaster,"Стрела для лука Berkut 500, 3"" Stream (3 шт)"
169071160,2 597 ₽,RealArm,"Стрела лучная карбоновая 31,5 дюйм (80 см), 26 гр. 7,6мм"
289119111,2 897 ₽,Centershot,Стрела лучная карбон Anarchy 500 натуральное перо (6 шт.)
270023262,2 308 ₽,Centershot,Стрела лучная карбон Anarchy 700 натуральное перо
147648103,822 ₽,RealArm,"Стрела лучная карбоновая 31,5 дюйм (80 см), 26 гр. 7,6мм"
119209176,1 420 ₽,Man Kung,Стрела лучная алюминиевая
154524506,12 239 ₽,Easton Archery,Стрела для лука Easton Powerflight 500
198071545,955 ₽,Bowmaster,"Стрела для лука Stinger 500, фибергласс, 3"" Shield (3 шт)"
198071617,2 325 ₽,Bowmaster,"Стрела для лука Pioneer 500, фиберглас, 3"" Stream (12 шт)"
161366327,1 414 ₽,Centershot,Стрела лучная карбон Anarchy 600 натуральное перо
311551444,2 111 ₽,EK Archery,"Стрела карбоновая 15"" для лука Ek Anvil Whipshot (6 шт.)"
198071600,5 394 ₽,Bowmaster,"Стрела для лука Champion 1100, карбон, 1.75"" Stream (9 шт)"
71709643,1 667 ₽,Man Kung,Стрела текстолитовая с травмобезопасным наконечником
71709642,1 518 ₽,Man Kung,Стрела текстолитовая с травмобезопасным наконечником
159751911,551 ₽,Centershot,"Стрела лучная фибергласс Sonic 26"" зеленая (3шт.)"
159751912,545 ₽,Centershot,"Стрела лучная фибергласс Sonic 26"" оранж (3шт.)"
223560081,5 113 ₽,Bowmaster,"Стрела для лука Patriot 400, карбон, 3"" Stream (12 шт)"
269550172,568 ₽,Smoke&Arrow,Наконечник для стрел 12шт
161512004,1 093 ₽,Centershot,"Стрела лучная микс карбон Crash 550 Parabolic 3"""
231423567,5 179 ₽,Bowmaster,"Стрела для лука Navigator 340, карбон, 3"" Shield (9 шт)"
144345843,1 149 ₽,Centershot,"Стрела лучная фибергласс Sonic (28"")"
231423536,6 827 ₽,Bowmaster,"Стрела для лука Champion 800, карбон, 1.75"" Stream (12 шт)"
231423806,6 827 ₽,Bowmaster,"Стрела для лука Champion 700, карбон, 1.75"" Stream (12 шт)"
231423870,5 223 ₽,Bowmaster,"Стрела для лука Champion 600, карбон, 1.75"" Stream (9 шт)"
231423583,4 996 ₽,Bowmaster,"Стрела для лука Champion 1100, карбон, 1.75"" Stream (9 шт)"
